{"cameraMode":{"drawMode":0,"name":"Shaded","section":"Shading Mode"},"sceneLighting":false,"audioPlay":false,"sceneViewState":{"m_AlwaysRefresh":false,"showFog":true,"showSkybox":false,"showFlares":true,"showImageEffects":true,"showParticleSystems":true,"showVisualEffectGraphs":true,"m_FxEnabled":true},"in2DMode":false,"pivot":{"x":6.916543960571289,"y":-5.641720771789551,"z":-0.0059070587158203129},"rotation":{"x":0.07621060311794281,"y":0.07471062988042832,"z":-0.0057265423238277439,"w":0.9942726492881775},"size":1.2247449159622193,"orthographic":false}